player_id,name,season,age,team_id,pos,games,minutes_played,per,ts_pct,fg3a_per_fga_pct,fta_per_fga_pct,orb_pct,drb_pct,trb_pct,ast_pct,stl_pct,blk_pct,tov_pct,usg_pct,ows,dws,ws,obpm,dbpm,bpm,uni_url
anthony-davis-5,Anthony Davis,2020-21,21,NOP,PF,68,2455,30.8,.591,.010,.384,8.0,24.1,16.1,11.6,2.1,6.2,6.3,27.8,9.9,4.2,14.0,6.6,2.3,8.9,https://www.sports-reference.com/cbb/players/anthony-davis-5.html
michael-kidd-gilchrist-1,Michael Kidd-Gilchrist,2020-21,21,CHO,SF,55,1587,15.1,.519,.000,.444,7.4,21.9,14.4,8.2,1.0,1.9,9.9,18.4,1.6,2.2,3.8,-1.1,0.6,-0.5,https://www.sports-reference.com/cbb/players/michael-kidd-gilchrist-1.html
bradley-beal-1,Bradley Beal,2020-21,21,WAS,SG,63,2107,14.0,.521,.304,.195,3.1,9.6,6.4,15.0,1.8,0.7,11.7,22.5,1.3,2.4,3.7,-0.1,0.2,0.1,https://www.sports-reference.com/cbb/players/bradley-beal-1.html
dion-waiters-1,Dion Waiters,2020-21,23,TOT,SG,80,2208,10.9,.460,.260,.182,2.1,7.4,4.8,11.9,2.1,0.8,10.0,22.5,-0.6,1.7,1.1,-2.5,-0.8,-3.3,https://www.sports-reference.com/cbb/players/dion-waiters-1.html
thomas-robinson-2,Thomas Robinson,2020-21,23,TOT,PF,54,798,15.3,.502,.008,.408,12.6,28.6,20.5,7.6,2.0,1.9,16.1,20.2,0.0,1.4,1.5,-2.3,0.3,-2.0,https://www.sports-reference.com/cbb/players/thomas-robinson-2.html
damian-lillard-1,Damian Lillard,2020-21,24,POR,PG,82,2925,20.7,.560,.421,.293,1.8,11.8,6.9,29.0,1.7,0.5,12.6,26.9,7.3,3.3,10.6,4.3,0.3,4.7,https://www.sports-reference.com/cbb/players/damian-lillard-1.html
harrison-barnes-1,Harrison Barnes,2020-21,22,GSW,SF,82,2318,13.4,.573,.328,.229,5.6,15.1,10.5,6.9,1.3,0.6,9.0,14.9,3.7,3.0,6.7,0.2,-0.1,0.1,https://www.sports-reference.com/cbb/players/harrison-barnes-1.html
terrence-ross-1,Terrence Ross,2020-21,23,TOR,SF,82,2092,11.2,.519,.518,.074,1.8,10.7,6.2,6.5,1.3,1.0,8.1,18.3,1.3,1.0,2.4,-0.1,-1.3,-1.4,https://www.sports-reference.com/cbb/players/terrence-ross-1.html
andre-drummond-1,Andre Drummond,2020-21,21,DET,C,82,2502,21.4,.504,.002,.380,18.3,30.1,24.0,3.9,1.5,4.8,9.7,22.0,3.4,4.3,7.7,0.6,-0.7,-0.1,https://www.sports-reference.com/cbb/players/andre-drummond-1.html
austin-rivers-1,Austin Rivers,2020-21,22,TOT,"PG,SG",76,1563,10.3,.481,.264,.254,2.0,8.9,5.5,14.7,1.6,0.7,10.5,17.9,0.5,1.0,1.5,-2.5,-0.3,-2.8,https://www.sports-reference.com/cbb/players/austin-rivers-1.html
meyers-leonard-1,Meyers Leonard,2020-21,22,POR,C,55,847,14.8,.631,.457,.131,5.9,25.3,15.8,5.8,0.6,1.2,13.1,15.8,1.6,1.2,2.8,0.1,0.5,0.6,https://www.sports-reference.com/cbb/players/meyers-leonard-1.html
jeremy-lamb-1,Jeremy Lamb,2020-21,22,OKC,SG,47,633,14.9,.538,.444,.220,1.4,16.5,9.1,10.9,1.7,0.7,9.0,20.5,1.0,0.7,1.6,0.9,0.8,1.6,https://www.sports-reference.com/cbb/players/jeremy-lamb-1.html
kendall-marshall-1,Kendall Marshall,2020-21,23,MIL,PG,28,417,12.4,.562,.455,.089,0.6,7.1,3.8,31.1,2.6,0.0,25.0,15.1,0.3,0.5,0.8,-0.7,-0.1,-0.8,https://www.sports-reference.com/cbb/players/kendall-marshall-1.html
john-henson-1,John Henson,2020-21,24,MIL,C,67,1228,18.0,.578,.000,.396,11.7,17.4,14.5,7.8,1.2,9.3,17.6,18.1,1.3,2.4,3.6,-1.5,2.2,0.7,https://www.sports-reference.com/cbb/players/john-henson-1.html
maurice-harkless-1,Maurice Harkless,2020-21,21,ORL,SF,45,674,8.4,.449,.354,.259,6.3,11.6,8.9,5.4,2.4,1.1,13.3,13.7,-0.3,0.6,0.3,-3.8,0.2,-3.6,https://www.sports-reference.com/cbb/players/maurice-harkless-1.html
tyler-zeller-1,Tyler Zeller,2020-21,25,BOS,C,82,1731,18.9,.594,.000,.300,9.1,20.5,14.7,10.8,0.5,2.3,9.8,19.6,4.5,2.0,6.5,1.0,0.0,0.9,https://www.sports-reference.com/cbb/players/tyler-zeller-1.html
terrence-jones-1,Terrence Jones,2020-21,23,HOU,PF,33,889,18.3,.567,.124,.314,9.7,17.6,13.7,6.9,1.0,5.2,9.8,18.4,1.7,1.3,3.0,0.7,0.5,1.2,https://www.sports-reference.com/cbb/players/terrence-jones-1.html
andrew-nicholson-1,Andrew Nicholson,2020-21,25,ORL,PF,40,492,10.3,.483,.216,.132,3.8,15.2,9.4,7.3,0.6,2.0,10.7,20.8,-0.2,0.3,0.1,-3.4,-1.6,-4.9,https://www.sports-reference.com/cbb/players/andrew-nicholson-1.html
jared-sullinger-1,Jared Sullinger,2020-21,22,BOS,PF,58,1566,17.9,.503,.260,.182,10.1,20.9,15.4,14.2,1.4,2.1,9.3,23.6,1.9,2.1,4.0,1.3,-0.2,1.1,https://www.sports-reference.com/cbb/players/jared-sullinger-1.html
john-jenkins-1,John Jenkins,2020-21,23,ATL,SG,24,297,15.9,.629,.525,.192,0.8,13.8,7.5,7.0,1.7,0.0,6.9,17.8,0.6,0.3,0.9,0.8,-0.5,0.3,https://www.sports-reference.com/cbb/players/john-jenkins-1.html
jared-cunningham-2,Jared Cunningham,2020-21,23,LAC,SG,19,89,7.3,.452,.394,.394,1.3,9.9,5.7,16.4,1.7,0.0,15.3,23.2,-0.1,0.1,0.0,-6.1,-2.0,-8.1,https://www.sports-reference.com/cbb/players/jared-cunningham-2.html
tony-wroten-1,Tony Wroten,2020-21,21,PHI,PG,30,895,14.9,.494,.327,.415,2.5,8.1,5.2,34.9,2.7,0.7,18.0,30.5,-0.6,0.9,0.3,0.0,-1.2,-1.2,https://www.sports-reference.com/cbb/players/tony-wroten-1.html
miles-plumlee-1,Miles Plumlee,2020-21,26,TOT,C,73,1194,13.4,.536,.000,.181,10.3,19.3,14.8,4.2,1.7,4.3,15.7,12.0,0.9,1.7,2.6,-1.5,1.0,-0.6,https://www.sports-reference.com/cbb/players/miles-plumlee-1.html
perry-jones-1,Perry Jones,2020-21,23,OKC,SF,43,631,6.9,.459,.326,.201,1.0,11.7,6.5,4.2,1.4,1.0,10.7,15.3,-0.3,0.5,0.2,-4.0,-0.4,-4.4,https://www.sports-reference.com/cbb/players/perry-jones-1.html
marquis-teague-1,Marquis Teague,2020-21,24,MEM,PG,3,74,5.7,.302,.250,.313,1.5,8.0,4.7,24.7,2.7,0.0,14.2,12.9,-0.1,0.0,-0.1,-5.4,-0.4,-5.7,https://www.sports-reference.com/cbb/players/marquis-teague-1.html
festus-ezeli-1,Festus Ezeli,2020-21,26,GSW,C,46,770,17.7,.559,.000,.579,13.5,21.9,18.0,5.8,1.1,4.8,11.7,18.2,1.4,1.3,2.7,-0.6,0.4,-0.1,https://www.sports-reference.com/cbb/players/festus-ezeli-1.html
jeffery-taylor-1,Jeff Taylor,2020-21,25,CHO,SF,29,430,8.2,.481,.316,.360,3.5,10.3,6.8,8.2,1.4,0.2,12.6,16.0,-0.1,0.4,0.3,-4.2,-0.6,-4.9,https://www.sports-reference.com/cbb/players/jeffery-taylor-1.html
bernard-james--1,Bernard James,2020-21,29,DAL,C,16,158,16.0,.593,.000,.852,12.5,14.6,13.5,3.4,0.6,7.7,13.9,12.2,0.4,0.2,0.5,-0.5,1.2,0.8,https://www.sports-reference.com/cbb/players/bernard-james--1.html
jae-crowder-1,Jae Crowder,2020-21,24,TOT,SF,82,1647,13.9,.517,.382,.259,4.7,14.9,9.7,8.6,2.2,1.2,7.5,17.5,1.9,2.0,3.9,-0.2,0.7,0.5,https://www.sports-reference.com/cbb/players/jae-crowder-1.html
draymond-green-1,Draymond Green,2020-21,24,GSW,PF,79,2490,16.4,.540,.430,.261,5.1,22.4,14.0,16.1,2.4,2.9,13.5,17.2,3.3,5.2,8.5,0.7,2.8,3.5,https://www.sports-reference.com/cbb/players/draymond-green-1.html
orlando-johnson-1,Orlando Johnson,2020-21,26,TOT,SG,7,101,3.6,.346,.294,.235,4.2,12.3,8.1,2.7,1.5,2.4,9.6,17.8,-0.2,0.1,-0.2,-6.5,-1.8,-8.3,https://www.sports-reference.com/cbb/players/orlando-johnson-1.html
quincy-acy-1,Quincy Acy,2020-21,24,NYK,PF,68,1287,11.9,.533,.181,.293,6.9,20.5,13.5,8.7,1.1,1.4,13.8,15.5,1.0,0.7,1.7,-2.1,-1.0,-3.1,https://www.sports-reference.com/cbb/players/quincy-acy-1.html
quincy-miller-1,Quincy Miller,2020-21,22,TOT,PF,10,119,7.4,.338,.474,.289,3.7,14.9,9.4,9.8,3.0,3.3,10.5,17.8,-0.2,0.2,-0.1,-4.4,0.6,-3.8,https://www.sports-reference.com/cbb/players/quincy-miller-1.html
khris-middleton-1,Khris Middleton,2020-21,23,MIL,SF,79,2378,15.6,.563,.308,.180,2.3,14.3,8.4,12.7,2.6,0.4,10.8,19.9,3.2,3.5,6.7,0.5,1.1,1.6,https://www.sports-reference.com/cbb/players/khris-middleton-1.html
will-barton-1,Will Barton,2020-21,24,TOT,SG,58,983,13.6,.503,.241,.266,2.8,15.3,8.9,13.0,2.5,1.5,13.4,20.2,0.2,1.1,1.3,-1.2,1.1,-0.2,https://www.sports-reference.com/cbb/players/will-barton-1.html
mike-scott-4,Mike Scott,2020-21,26,ATL,PF,68,1123,15.1,.543,.424,.170,4.7,15.2,10.1,10.9,1.1,0.2,7.4,21.4,1.6,1.1,2.7,0.6,-1.1,-0.5,https://www.sports-reference.com/cbb/players/mike-scott-4.html
justin-hamilton-2,Justin Hamilton,2020-21,26,BRK,C,64,1177,13.6,.550,.475,.137,6.5,17.0,11.8,7.3,1.2,2.8,9.7,16.2,1.0,1.0,2.1,-0.5,-0.3,-0.8,https://www.sports-reference.com/cbb/players/justin-hamilton-2.html
darius-miller-1,Darius Miller,2020-21,24,NOP,SF,5,43,-5.1,.143,.143,.000,0.0,2.6,1.3,6.1,1.2,0.0,12.5,8.5,-0.1,0.0,-0.1,-9.9,-1.4,-11.3,https://www.sports-reference.com/cbb/players/darius-miller-1.html
kyle-oquinn-1,Kyle O'Quinn,2020-21,24,ORL,PF,51,824,14.8,.550,.178,.236,6.2,21.4,13.6,11.3,1.9,3.8,17.1,17.7,0.5,1.1,1.6,-1.7,1.5,-0.3,https://www.sports-reference.com/cbb/players/kyle-oquinn-1.html
robert-sacre-1,Robert Sacre,2020-21,25,LAL,C,67,1133,10.9,.449,.003,.268,8.4,14.6,11.4,7.4,1.3,3.1,9.5,14.8,0.3,0.6,0.8,-2.9,-0.6,-3.5,https://www.sports-reference.com/cbb/players/robert-sacre-1.html
anthony-bennett-1,Anthony Bennett,2020-21,22,TOR,PF,19,84,10.4,.446,.519,.370,8.3,22.8,15.7,0.0,3.1,0.0,11.3,19.2,0.0,0.1,0.1,-2.9,-1.1,-3.9,https://www.sports-reference.com/cbb/players/anthony-bennett-1.html
victor-oladipo-1,Victor Oladipo,2020-21,23,ORL,SG,72,2379,16.7,.534,.291,.255,2.2,14.0,8.0,18.6,2.4,1.9,12.4,22.9,2.2,2.7,4.9,0.9,0.9,1.7,https://www.sports-reference.com/cbb/players/victor-oladipo-1.html
otto-porter-1,Otto Porter,2020-21,22,WAS,SF,75,2276,14.5,.564,.372,.176,4.7,14.7,9.6,7.9,2.2,1.1,8.3,16.2,3.0,2.7,5.6,0.3,0.8,1.1,https://www.sports-reference.com/cbb/players/otto-porter-1.html
cody-zeller-1,Cody Zeller,2020-21,23,CHO,C,73,1774,16.1,.592,.023,.531,8.4,19.7,14.0,6.3,1.6,2.9,11.2,15.4,3.6,2.7,6.3,-1.1,1.0,-0.1,https://www.sports-reference.com/cbb/players/cody-zeller-1.html
alex-len-1,Alex Len,2020-21,22,PHO,C,78,1821,12.4,.482,.011,.383,10.4,25.4,17.7,8.5,1.0,2.8,16.6,20.4,-0.5,1.8,1.3,-3.5,-0.8,-4.3,https://www.sports-reference.com/cbb/players/alex-len-1.html
nerlens-noel-1,Nerlens Noel,2020-21,22,TOT,C,51,1047,20.4,.622,.003,.359,9.8,22.3,15.9,8.1,3.1,4.0,12.5,17.6,2.1,1.9,4.0,0.1,2.3,2.4,https://www.sports-reference.com/cbb/players/nerlens-noel-1.html
ben-mclemore-1,Ben McLemore,2020-21,22,SAC,SG,68,1443,8.6,.531,.407,.226,2.6,8.5,5.6,7.9,1.7,0.6,16.5,17.6,-0.4,0.7,0.3,-3.1,-0.7,-3.8,https://www.sports-reference.com/cbb/players/ben-mclemore-1.html
kentavious-caldwell-pope-1,Kentavious Caldwell-Pope,2020-21,22,DET,SG,76,2789,12.4,.521,.384,.238,2.6,8.6,5.5,7.8,2.0,0.5,9.0,18.2,2.6,2.7,5.3,-1.1,0.8,-0.3,https://www.sports-reference.com/cbb/players/kentavious-caldwell-pope-1.html
trey-burke-1,Trey Burke,2020-21,23,UTA,PG,64,1366,14.0,.507,.404,.129,1.5,8.0,4.8,19.7,1.4,0.4,10.7,25.3,0.9,1.2,2.1,0.7,-1.2,-0.5,https://www.sports-reference.com/cbb/players/trey-burke-1.html
cj-mccollum-1,CJ McCollum,2020-21,24,POR,SG,80,2780,17.7,.544,.330,.158,1.8,8.3,5.0,21.6,1.7,0.6,11.4,27.1,4.4,1.7,6.0,2.3,-1.0,1.3,https://www.sports-reference.com/cbb/players/cj-mccollum-1.html
michael-carter-williams-1,Michael Carter-Williams,2020-21,24,MIL,PG,54,1649,13.9,.497,.099,.292,3.4,15.7,9.6,26.6,2.5,2.1,19.6,21.3,-0.4,1.6,1.2,-1.4,0.6,-0.7,https://www.sports-reference.com/cbb/players/michael-carter-williams-1.html
steven-adams-1,Steven Adams,2020-21,22,OKC,C,80,2014,15.5,.621,.000,.460,12.5,16.1,14.4,4.3,1.0,3.3,14.1,12.6,4.2,2.3,6.5,0.0,0.2,0.2,https://www.sports-reference.com/cbb/players/steven-adams-1.html
kelly-olynyk-1,Kelly Olynyk,2020-21,24,BOS,C,69,1395,16.3,.561,.378,.230,5.4,16.2,10.7,11.9,1.8,1.8,10.8,20.9,2.1,2.0,4.1,1.2,0.8,1.9,https://www.sports-reference.com/cbb/players/kelly-olynyk-1.html
shabazz-muhammad-1,Shabazz Muhammad,2020-21,23,MIN,SF,82,1682,15.2,.548,.223,.355,7.0,11.4,9.2,5.2,0.7,0.3,8.2,22.8,2.6,0.2,2.7,0.6,-3.1,-2.5,https://www.sports-reference.com/cbb/players/shabazz-muhammad-1.html
shane-larkin-1,Shane Larkin,2020-21,23,BRK,PG,78,1751,13.3,.515,.215,.213,1.8,9.9,5.8,29.3,2.7,0.6,21.0,17.7,0.5,1.0,1.4,-1.6,-0.4,-2.0,https://www.sports-reference.com/cbb/players/shane-larkin-1.html
tony-snell-1,Tony Snell,2020-21,24,CHI,SF,64,1301,6.4,.478,.457,.097,1.6,14.3,8.1,6.9,0.6,1.0,12.8,13.7,-0.5,1.0,0.4,-3.5,-0.5,-4.0,https://www.sports-reference.com/cbb/players/tony-snell-1.html
gorgui-dieng-1,Gorgui Dieng,2020-21,26,MIN,C,82,2220,17.1,.601,.035,.428,8.3,22.1,15.3,10.1,2.1,3.5,16.9,16.7,3.4,2.5,5.9,-0.1,0.8,0.8,https://www.sports-reference.com/cbb/players/gorgui-dieng-1.html
mason-plumlee-1,Mason Plumlee,2020-21,25,POR,C,82,2084,17.2,.564,.008,.648,10.4,22.2,16.3,16.2,1.6,3.2,18.8,17.1,3.4,2.7,6.1,0.0,1.6,1.5,https://www.sports-reference.com/cbb/players/mason-plumlee-1.html
solomon-hill-1,Solomon Hill,2020-21,24,IND,SF,59,866,12.2,.543,.356,.202,4.9,15.9,10.5,9.6,2.1,1.0,12.7,13.2,0.8,1.3,2.1,-1.1,1.2,0.1,https://www.sports-reference.com/cbb/players/solomon-hill-1.html
tim-hardaway-jr-1,Tim Hardaway Jr.,2020-21,23,ATL,SG,51,864,11.7,.563,.536,.211,0.9,9.8,5.4,8.9,1.2,0.6,7.4,16.2,0.9,1.0,1.9,-1.1,0.2,-0.9,https://www.sports-reference.com/cbb/players/tim-hardaway-jr-1.html
reggie-bullock-2,Reggie Bullock,2020-21,24,DET,SF,37,429,12.0,.583,.541,.153,3.4,14.3,8.6,9.2,1.2,0.4,7.1,11.4,0.8,0.4,1.2,0.1,0.7,0.8,https://www.sports-reference.com/cbb/players/reggie-bullock-2.html
andre-roberson-1,Andre Roberson,2020-21,24,OKC,SG,70,1553,10.2,.566,.376,.197,5.9,11.4,8.8,4.0,1.7,2.0,10.5,9.1,1.8,1.6,3.4,-0.7,1.3,0.5,https://www.sports-reference.com/cbb/players/andre-roberson-1.html
archie-goodwin-1,Archie Goodwin,2020-21,21,PHO,PG,57,1114,11.1,.498,.235,.457,2.6,11.5,6.9,17.2,1.2,1.0,16.5,23.2,-0.4,0.5,0.1,-2.1,-1.5,-3.7,https://www.sports-reference.com/cbb/players/archie-goodwin-1.html
allen-crabbe-1,Allen Crabbe,2020-21,23,POR,SG,81,2105,12.2,.572,.420,.167,1.4,9.7,5.6,7.2,1.5,0.6,8.1,16.4,3.1,1.2,4.3,-0.9,-0.1,-1.0,https://www.sports-reference.com/cbb/players/allen-crabbe-1.html
isaiah-canaan-1,Isaiah Canaan,2020-21,24,PHI,SG,77,1966,11.1,.528,.672,.249,1.1,8.8,4.8,11.3,1.4,0.5,10.2,19.9,0.9,0.5,1.4,-0.8,-1.6,-2.4,https://www.sports-reference.com/cbb/players/isaiah-canaan-1.html
ray-mccallum-2,Ray McCallum,2020-21,24,TOT,PG,41,475,9.1,.449,.288,.103,1.9,9.3,5.6,18.5,1.3,1.2,13.6,16.8,-0.2,0.5,0.3,-2.6,-0.5,-3.1,https://www.sports-reference.com/cbb/players/ray-mccallum-2.html
nate-wolters-1,Nate Wolters,2020-21,26,UTA,PG,5,19,-2.9,.167,.000,.000,6.0,5.9,6.0,7.1,0.0,0.0,0.0,14.2,-0.1,0.0,-0.1,-9.4,-3.4,-12.8,https://www.sports-reference.com/cbb/players/nate-wolters-1.html
jeff-withey-1,Jeff Withey,2020-21,25,UTA,C,51,658,17.7,.577,.012,.364,10.0,20.7,15.4,5.0,1.7,6.8,13.0,15.1,1.1,1.3,2.3,-1.0,2.0,1.0,https://www.sports-reference.com/cbb/players/jeff-withey-1.html
mike-muscala-1,Mike Muscala,2020-21,24,ATL,C,60,565,13.6,.576,.257,.257,7.5,14.9,11.3,9.1,1.1,3.8,13.8,15.5,0.7,0.9,1.6,-2.1,1.2,-0.9,https://www.sports-reference.com/cbb/players/mike-muscala-1.html
ryan-kelly-3,Ryan Kelly,2020-21,24,LAL,PF,36,470,10.3,.440,.248,.362,4.6,23.7,13.8,6.9,1.4,1.7,9.4,17.9,-0.3,0.3,0.1,-2.9,-0.6,-3.5,https://www.sports-reference.com/cbb/players/ryan-kelly-3.html
james-ennis-1,James Ennis,2020-21,26,MEM,SF,64,1501,10.6,.581,.427,.343,5.1,14.9,9.9,6.5,1.6,1.2,13.8,13.0,1.4,1.7,3.1,-1.9,0.7,-1.2,https://www.sports-reference.com/cbb/players/james-ennis-1.html
lorenzo-brown-1,Lorenzo Brown,2020-21,25,PHO,PG,8,61,4.4,.374,.320,.160,0.0,12.8,6.2,28.0,2.4,1.3,25.2,24.9,-0.3,0.1,-0.2,-6.5,-1.9,-8.4,https://www.sports-reference.com/cbb/players/lorenzo-brown-1.html
andrew-wiggins-1,Andrew Wiggins,2020-21,21,MIN,SF,82,3048,16.5,.534,.184,.345,3.8,8.8,6.3,10.6,1.4,0.8,9.4,29.0,3.3,0.9,4.2,0.7,-2.4,-1.7,https://www.sports-reference.com/cbb/players/andrew-wiggins-1.html
jabari-parker-1,Jabari Parker,2020-21,21,MIL,PF,51,1728,19.1,.563,.219,.268,5.4,15.7,10.6,14.3,1.5,1.1,9.3,26.5,2.6,1.5,4.0,2.1,-1.4,0.7,https://www.sports-reference.com/cbb/players/jabari-parker-1.html
joel-embiid-1,Joel Embiid,2020-21,24,PHI,C,64,2154,26.1,.593,.219,.541,8.1,34.0,21.4,18.4,1.0,4.4,13.2,33.3,4.9,3.8,8.7,4.0,0.9,4.9,https://www.sports-reference.com/cbb/players/joel-embiid-1.html
aaron-gordon-1,Aaron Gordon,2020-21,21,ORL,SF,80,2298,14.5,.530,.309,.251,5.3,14.1,9.6,10.5,1.4,1.4,8.5,20.1,2.0,1.7,3.7,-0.3,-0.7,-1.0,https://www.sports-reference.com/cbb/players/aaron-gordon-1.html
marcus-smart-1,Marcus Smart,2020-21,22,BOS,SG,79,2399,12.0,.486,.443,.334,3.7,10.4,7.1,22.0,2.6,1.2,15.6,18.8,0.5,2.7,3.2,-1.9,0.6,-1.3,https://www.sports-reference.com/cbb/players/marcus-smart-1.html
julius-randle-1,Julius Randle,2020-21,22,LAL,PF,74,2132,16.3,.543,.082,.365,7.4,25.8,16.3,19.3,1.1,1.4,16.2,21.4,2.0,1.5,3.5,-0.6,-0.3,-0.9,https://www.sports-reference.com/cbb/players/julius-randle-1.html
nik-stauskas-1,Nik Stauskas,2020-21,23,PHI,SG,80,2188,9.0,.540,.566,.237,1.1,10.3,5.7,12.9,1.0,1.2,15.5,16.4,0.1,1.4,1.4,-2.1,-0.8,-2.8,https://www.sports-reference.com/cbb/players/nik-stauskas-1.html
noah-vonleh-1,Noah Vonleh,2020-21,21,POR,PF,74,1265,10.8,.525,.074,.348,11.4,22.5,17.0,3.4,1.2,1.7,17.1,13.1,0.6,1.2,1.8,-3.0,-0.9,-3.9,https://www.sports-reference.com/cbb/players/noah-vonleh-1.html
elfrid-payton-1,Elfrid Payton,2020-21,22,ORL,PG,82,2412,17.2,.520,.160,.231,3.9,13.9,8.7,35.7,1.8,1.3,15.0,21.6,2.4,2.0,4.4,0.8,0.0,0.8,https://www.sports-reference.com/cbb/players/elfrid-payton-1.html
doug-mcdermott-1,Doug McDermott,2020-21,25,TOT,SF,66,1508,10.7,.554,.419,.169,1.4,11.5,6.4,5.9,0.4,0.3,6.6,16.4,1.6,1.0,2.6,-0.9,-1.4,-2.3,https://www.sports-reference.com/cbb/players/doug-mcdermott-1.html
zach-lavine-1,Zach LaVine,2020-21,21,MIN,SG,47,1749,14.6,.576,.437,.197,1.2,9.5,5.3,12.6,1.2,0.5,9.9,21.7,2.6,0.4,3.0,1.5,-1.4,0.1,https://www.sports-reference.com/cbb/players/zach-lavine-1.html
tj-warren-1,T.J. Warren,2020-21,23,PHO,SF,66,2048,15.6,.539,.120,.189,6.5,11.7,9.0,5.8,1.8,1.5,6.1,19.2,3.0,1.1,4.1,0.1,-0.7,-0.6,https://www.sports-reference.com/cbb/players/tj-warren-1.html
adreian-payne-1,Adreian Payne,2020-21,25,MIN,PF,18,135,14.4,.505,.278,.352,7.7,21.0,14.3,8.0,3.0,4.4,11.4,23.1,0.0,0.2,0.2,-3.8,1.5,-2.3,https://www.sports-reference.com/cbb/players/adreian-payne-1.html
james-young-1,James Young,2020-21,21,BOS,SG,29,220,10.0,.549,.603,.155,3.1,10.0,6.6,2.6,2.3,0.7,6.1,13.3,0.1,0.2,0.3,-1.7,0.4,-1.3,https://www.sports-reference.com/cbb/players/james-young-1.html
tyler-ennis-1,Tyler Ennis,2020-21,22,TOT,PG,53,588,10.9,.521,.337,.120,1.6,6.8,4.2,21.7,2.1,0.3,17.0,19.1,0.1,0.3,0.4,-2.4,-0.8,-3.2,https://www.sports-reference.com/cbb/players/tyler-ennis-1.html
gary-harris-1,Gary Harris,2020-21,22,DEN,SG,57,1782,16.5,.611,.400,.210,3.0,8.0,5.5,13.6,1.9,0.3,9.8,18.4,3.9,0.7,4.6,1.5,-0.9,0.7,https://www.sports-reference.com/cbb/players/gary-harris-1.html
rodney-hood-1,Rodney Hood,2020-21,24,UTA,SG,59,1593,12.4,.522,.461,.173,1.2,13.1,7.3,10.1,1.3,0.6,8.3,22.9,0.7,1.9,2.6,-0.6,-0.3,-0.9,https://www.sports-reference.com/cbb/players/rodney-hood-1.html
shabazz-napier-1,Shabazz Napier,2020-21,25,POR,PG,53,512,13.6,.533,.503,.268,1.7,11.5,6.6,19.5,3.1,0.3,16.7,21.2,0.1,0.5,0.6,-0.8,0.5,-0.4,https://www.sports-reference.com/cbb/players/shabazz-napier-1.html
cj-wilcox-1,C.J. Wilcox,2020-21,26,ORL,SG,22,108,2.9,.329,.484,.065,3.9,8.3,6.1,15.5,0.9,0.7,15.8,15.4,-0.2,0.0,-0.2,-6.2,-1.9,-8.1,https://www.sports-reference.com/cbb/players/cj-wilcox-1.html
josh-huestis-1,Josh Huestis,2020-21,26,OKC,PF,69,982,5.4,.417,.632,.110,4.6,13.9,9.1,2.7,0.8,4.0,12.0,9.5,-0.5,1.0,0.5,-3.9,0.0,-3.9,https://www.sports-reference.com/cbb/players/josh-huestis-1.html
kyle-anderson-3,Kyle Anderson,2020-21,23,SAS,SF,72,1020,12.5,.525,.191,.273,3.7,19.0,11.5,12.4,2.5,2.1,14.3,12.1,0.7,2.0,2.7,-1.4,3.2,1.8,https://www.sports-reference.com/cbb/players/kyle-anderson-3.html
kj-mcdaniels-1,K.J. McDaniels,2020-21,23,TOT,SF,49,505,11.5,.555,.391,.225,3.2,14.1,8.7,4.0,1.8,2.8,13.5,18.1,0.0,0.5,0.5,-2.5,0.1,-2.3,https://www.sports-reference.com/cbb/players/kj-mcdaniels-1.html
joe-harris--1,Joe Harris,2020-21,25,BRK,SG,52,1138,9.0,.558,.610,.135,1.5,12.0,6.8,7.3,1.2,0.5,12.5,16.5,0.1,0.6,0.8,-2.6,-0.9,-3.5,https://www.sports-reference.com/cbb/players/joe-harris--1.html
jarnell-stokes-1,Jarnell Stokes,2020-21,23,DEN,C,2,7,31.5,.798,.000,2.000,15.9,15.6,15.8,40.1,7.0,0.0,0.0,11.4,0.1,0.0,0.1,4.9,11.9,16.8,https://www.sports-reference.com/cbb/players/jarnell-stokes-1.html
johnny-obryant-1,Johnny O'Bryant,2020-21,23,TOT,PF,11,80,14.9,.582,.200,.200,12.4,13.7,13.1,12.7,0.0,1.0,15.5,21.1,0.1,0.0,0.1,-0.5,-1.9,-2.4,https://www.sports-reference.com/cbb/players/johnny-obryant-1.html
spencer-dinwiddie-1,Spencer Dinwiddie,2020-21,23,BRK,PG,59,1334,12.7,.581,.334,.526,2.2,10.7,6.5,20.3,1.6,1.3,15.1,14.1,1.9,0.9,2.8,-1.3,0.4,-1.0,https://www.sports-reference.com/cbb/players/spencer-dinwiddie-1.html
jerami-grant-1,Jerami Grant,2020-21,22,TOT,PF,80,1531,10.1,.556,.354,.448,2.7,12.1,7.4,4.2,1.1,4.1,10.1,12.1,1.1,1.8,2.9,-2.1,0.8,-1.3,https://www.sports-reference.com/cbb/players/jerami-grant-1.html
glenn-robinson-2,Glenn Robinson III,2020-21,23,IND,SF,69,1427,11.5,.564,.370,.225,4.5,14.7,9.7,4.7,1.4,1.2,9.1,12.8,1.3,1.2,2.5,-0.5,0.2,-0.3,https://www.sports-reference.com/cbb/players/glenn-robinson-2.html
markel-brown-1,Markel Brown,2020-21,26,HOU,SG,4,31,-1.2,.357,.714,.000,3.7,14.4,9.1,8.7,0.0,0.0,22.2,12.8,-0.1,0.0,0.0,-8.8,-2.0,-10.8,https://www.sports-reference.com/cbb/players/markel-brown-1.html
dwight-powell-1,Dwight Powell,2020-21,25,DAL,C,77,1333,17.6,.588,.196,.374,7.7,19.5,13.3,6.1,2.4,2.6,7.2,16.7,2.7,1.9,4.6,-0.1,1.1,1.0,https://www.sports-reference.com/cbb/players/dwight-powell-1.html
jordan-clarkson-1,Jordan Clarkson,2020-21,24,LAL,SG,82,2397,13.2,.526,.332,.157,2.2,9.3,5.6,14.4,1.8,0.3,12.5,23.3,0.5,0.7,1.2,-0.9,-1.6,-2.5,https://www.sports-reference.com/cbb/players/jordan-clarkson-1.html
jordan-mcrae-1,Jordan McRae,2020-21,27,WAS,SG,27,333,14.3,.550,.269,.269,1.9,11.3,6.5,13.2,1.8,1.8,9.4,20.4,0.3,0.2,0.5,-0.9,-0.8,-1.7,https://www.sports-reference.com/cbb/players/jordan-mcrae-1.html
karl-anthony-towns-1,Karl-Anthony Towns,2020-21,22,MIN,C,82,2918,24.9,.646,.243,.343,9.3,30.9,20.0,10.8,1.1,3.5,10.5,22.9,10.6,3.4,14.0,4.9,0.2,5.1,https://www.sports-reference.com/cbb/players/karl-anthony-towns-1.html
dangelo-russell-1,D'Angelo Russell,2020-21,21,BRK,PG,48,1234,15.2,.509,.414,.195,2.6,13.8,8.1,35.7,1.4,1.0,16.8,30.8,-0.5,0.9,0.4,0.8,-2.0,-1.2,https://www.sports-reference.com/cbb/players/dangelo-russell-1.html
jahlil-okafor-1,Jahlil Okafor,2020-21,22,TOT,C,28,353,15.3,.584,.029,.210,6.3,19.4,12.8,5.9,0.4,3.9,12.2,21.0,0.3,0.3,0.6,-1.8,0.0,-1.7,https://www.sports-reference.com/cbb/players/jahlil-okafor-1.html
willie-cauley-stein-1,Willie Cauley-Stein,2020-21,24,SAC,C,73,2044,17.6,.529,.016,.320,7.0,22.0,14.2,13.7,1.9,3.1,11.0,21.8,1.7,2.2,3.9,-0.4,0.3,-0.1,https://www.sports-reference.com/cbb/players/willie-cauley-stein-1.html
stanley-johnson-1,Stanley Johnson,2020-21,21,DET,SF,69,1894,9.0,.480,.418,.259,1.9,13.0,7.3,8.5,2.5,0.7,11.0,16.4,-0.6,2.4,1.8,-4.0,1.1,-2.9,https://www.sports-reference.com/cbb/players/stanley-johnson-1.html
frank-kaminsky-1,Frank Kaminsky,2020-21,24,CHO,PF,79,1835,14.4,.545,.383,.271,2.7,14.5,8.5,11.0,1.0,0.9,7.6,20.5,2.3,1.3,3.6,0.6,-0.8,-0.2,https://www.sports-reference.com/cbb/players/frank-kaminsky-1.html
justise-winslow-1,Justise Winslow,2020-21,21,MIA,PF,68,1680,11.5,.496,.264,.213,4.3,20.5,12.4,13.0,1.6,1.7,12.6,16.3,0.2,2.4,2.6,-2.2,1.1,-1.1,https://www.sports-reference.com/cbb/players/justise-winslow-1.html
myles-turner-1,Myles Turner,2020-21,21,IND,C,65,1836,16.6,.567,.246,.322,5.8,19.8,12.8,7.0,1.0,5.7,11.6,20.0,2.2,2.5,4.7,-0.6,0.4,-0.2,https://www.sports-reference.com/cbb/players/myles-turner-1.html
trey-lyles-1,Trey Lyles,2020-21,22,DEN,PF,73,1391,17.9,.591,.396,.260,4.5,23.5,14.0,10.1,1.1,2.0,9.1,21.1,2.7,1.2,3.9,2.0,-0.7,1.3,https://www.sports-reference.com/cbb/players/trey-lyles-1.html
devin-booker-2,Devin Booker,2020-21,21,PHO,SG,54,1865,18.1,.561,.364,.312,1.5,12.7,7.0,24.4,1.2,0.6,13.9,31.7,1.9,0.6,2.4,2.9,-2.0,0.9,https://www.sports-reference.com/cbb/players/devin-booker-2.html
cameron-payne-1,Cameron Payne,2020-21,23,CHI,PG,25,582,14.0,.498,.423,.074,3.2,9.8,6.4,29.9,2.2,1.4,14.0,19.3,0.3,0.4,0.8,-0.1,-0.3,-0.4,https://www.sports-reference.com/cbb/players/cameron-payne-1.html
kelly-oubre-1,Kelly Oubre Jr.,2020-21,22,WAS,SF,81,2231,11.9,.534,.467,.295,3.0,15.4,9.2,6.4,1.8,1.4,9.2,19.4,1.4,2.3,3.7,-1.6,-0.1,-1.7,https://www.sports-reference.com/cbb/players/kelly-oubre-1.html
terry-rozier-1,Terry Rozier,2020-21,23,BOS,PG,80,2068,15.1,.520,.503,.186,3.4,16.3,9.9,17.5,1.9,0.8,8.5,20.4,2.2,3.4,5.6,0.9,1.2,2.1,https://www.sports-reference.com/cbb/players/terry-rozier-1.html
rashad-vaughn-1,Rashad Vaughn,2020-21,21,TOT,SG,28,212,9.3,.546,.661,.107,1.6,9.8,5.7,8.7,1.2,1.2,9.3,13.7,0.1,0.1,0.2,-1.3,-1.4,-2.6,https://www.sports-reference.com/cbb/players/rashad-vaughn-1.html
sam-dekker-1,Sam Dekker,2020-21,23,LAC,PF,73,883,11.5,.534,.232,.216,5.6,16.0,10.8,6.2,1.3,0.9,10.4,15.5,0.6,0.6,1.2,-2.3,-0.6,-2.9,https://www.sports-reference.com/cbb/players/sam-dekker-1.html
jerian-grant-1,Jerian Grant,2020-21,25,CHI,PG,74,1686,14.3,.528,.372,.374,1.9,9.3,5.5,30.1,1.8,0.4,13.2,17.4,2.3,1.0,3.3,-0.9,-0.5,-1.3,https://www.sports-reference.com/cbb/players/jerian-grant-1.html
delon-wright-1,Delon Wright,2020-21,25,TOR,PG,69,1433,16.5,.574,.354,.271,3.6,11.7,7.7,19.6,2.5,1.8,13.9,17.2,2.5,2.1,4.5,1.4,1.8,3.3,https://www.sports-reference.com/cbb/players/delon-wright-1.html
justin-anderson-1,Justin Anderson,2020-21,24,PHI,SF,38,519,13.0,.540,.510,.188,5.4,13.6,9.6,7.1,1.4,1.1,6.8,19.3,0.6,0.7,1.2,-0.6,-0.3,-0.9,https://www.sports-reference.com/cbb/players/justin-anderson-1.html
bobby-portis-1,Bobby Portis,2020-21,22,CHI,PF,73,1643,19.7,.548,.275,.192,10.0,23.0,16.2,13.2,1.5,1.3,10.5,26.0,2.0,1.5,3.5,2.2,-1.3,0.8,https://www.sports-reference.com/cbb/players/bobby-portis-1.html
rondae-hollis-jefferson-1,Rondae Hollis-Jefferson,2020-21,23,BRK,SF,68,1920,16.9,.548,.075,.436,5.5,20.0,12.7,14.2,1.6,1.9,12.3,22.2,2.1,2.0,4.1,-0.3,0.4,0.1,https://www.sports-reference.com/cbb/players/rondae-hollis-jefferson-1.html
tyus-jones-1,Tyus Jones,2020-21,21,MIN,PG,82,1467,14.1,.572,.393,.247,1.2,9.2,5.2,21.2,3.2,0.4,14.0,12.7,2.3,1.2,3.6,-0.8,1.7,0.8,https://www.sports-reference.com/cbb/players/tyus-jones-1.html
jarell-martin-1,Jarell Martin,2020-21,23,MEM,PF,73,1661,10.5,.516,.198,.234,6.6,15.8,11.1,7.0,1.2,2.8,13.6,17.1,0.1,1.2,1.3,-3.3,-0.7,-4.0,https://www.sports-reference.com/cbb/players/jarell-martin-1.html
larry-nance-2,Larry Nance Jr.,2020-21,25,TOT,C,66,1421,20.2,.605,.029,.332,12.4,22.0,17.3,8.6,3.0,2.2,9.7,15.9,3.5,2.3,5.8,0.9,1.5,2.4,https://www.sports-reference.com/cbb/players/larry-nance-2.html
rj-hunter-1,R.J. Hunter,2020-21,24,HOU,SG,5,45,8.5,.455,.700,.100,0.0,12.4,6.3,10.3,3.3,0.0,8.7,22.5,0.0,0.1,0.0,-5.2,1.9,-3.3,https://www.sports-reference.com/cbb/players/rj-hunter-1.html
chris-mccullough-1,Chris McCullough,2020-21,22,WAS,PF,19,90,15.8,.478,.190,.333,8.8,22.6,15.7,7.1,0.0,4.9,4.0,24.6,0.1,0.1,0.2,-0.3,-1.5,-1.8,https://www.sports-reference.com/cbb/players/chris-mccullough-1.html
kevon-looney-1,Kevon Looney,2020-21,21,GSW,C,66,910,14.8,.588,.026,.399,11.0,15.2,13.2,6.0,1.8,4.9,12.0,12.4,1.5,1.3,2.8,-1.2,1.0,-0.2,https://www.sports-reference.com/cbb/players/kevon-looney-1.html
montrezl-harrell-1,Montrezl Harrell,2020-21,24,LAC,C,76,1293,24.7,.647,.013,.405,8.9,17.0,13.0,10.1,1.4,3.4,9.5,23.8,4.3,1.3,5.5,3.1,0.2,3.3,https://www.sports-reference.com/cbb/players/montrezl-harrell-1.html
jordan-mickey-1,Jordan Mickey,2020-21,23,MIA,PF,23,284,10.6,.515,.195,.232,7.1,24.9,16.0,4.8,1.1,3.0,16.6,17.1,-0.1,0.4,0.3,-5.2,-0.3,-5.6,https://www.sports-reference.com/cbb/players/jordan-mickey-1.html
anthony-brown-5,Anthony Brown,2020-21,25,MIN,SF,1,4,41.9,1.500,1.000,.000,0.0,0.0,0.0,41.7,0.0,0.0,0.0,11.1,0.0,0.0,0.0,26.2,4.3,30.5,https://www.sports-reference.com/cbb/players/anthony-brown-5.html
richaun-holmes-1,Richaun Holmes,2020-21,24,PHI,C,48,746,17.4,.585,.129,.232,8.6,21.4,15.2,12.3,1.3,3.2,8.6,16.6,1.6,1.3,2.8,-0.3,1.4,1.1,https://www.sports-reference.com/cbb/players/richaun-holmes-1.html
darrun-hilliard-1,Darrun Hilliard,2020-21,24,SAS,SG,14,95,3.4,.362,.316,.368,0.0,8.2,4.1,15.3,1.1,0.0,15.3,12.3,-0.1,0.1,0.0,-7.1,-0.8,-7.9,https://www.sports-reference.com/cbb/players/darrun-hilliard-1.html
josh-richardson-2,Josh Richardson,2020-21,24,MIA,SF,81,2689,13.6,.551,.380,.160,2.9,9.0,6.0,13.2,2.3,2.4,12.9,18.2,1.8,3.5,5.4,-0.6,1.3,0.7,https://www.sports-reference.com/cbb/players/josh-richardson-2.html
pat-connaughton-1,Pat Connaughton,2020-21,25,POR,SG,82,1488,9.3,.539,.538,.113,2.7,9.1,5.9,8.7,0.8,1.2,9.5,13.4,1.2,1.3,2.5,-1.7,-0.1,-1.8,https://www.sports-reference.com/cbb/players/pat-connaughton-1.html
joseph-young-1,Joe Young,2020-21,25,IND,PG,53,558,10.1,.521,.355,.156,2.4,10.3,6.4,9.9,1.3,0.2,11.6,18.0,0.1,0.4,0.5,-2.3,-1.2,-3.5,https://www.sports-reference.com/cbb/players/joseph-young-1.html
andrew-harrison-1,Andrew Harrison,2020-21,24,TOT,PG,17,187,5.8,.443,.472,.340,3.4,8.5,5.8,17.1,1.1,0.9,16.5,16.8,-0.1,0.0,-0.1,-5.8,-1.2,-7.1,https://www.sports-reference.com/cbb/players/andrew-harrison-1.html
norman-powell-1,Norman Powell,2020-21,24,TOR,SG,70,1062,8.5,.492,.497,.104,1.5,10.9,6.3,11.8,1.7,1.2,14.4,18.9,-0.6,1.2,0.6,-3.2,0.2,-2.9,https://www.sports-reference.com/cbb/players/norman-powell-1.html
ben-simmons-1,Ben Simmons,2020-21,23,PHI,PG,57,2017,20.4,.602,.011,.461,6.2,18.2,12.2,33.8,2.9,1.4,20.4,20.9,3.8,3.1,6.9,1.3,2.3,3.6,https://www.sports-reference.com/cbb/players/ben-simmons-1.html
brandon-ingram-1,Brandon Ingram,2020-21,21,LAL,SF,52,1760,13.4,.555,.129,.396,2.5,13.0,7.8,12.9,0.7,1.4,13.1,23.2,0.6,1.4,2.0,-1.3,-0.7,-2.0,https://www.sports-reference.com/cbb/players/brandon-ingram-1.html
jaylen-brown-1,Jaylen Brown,2020-21,22,BOS,SG,74,1913,13.5,.547,.348,.255,3.6,13.9,8.7,7.7,1.7,1.5,10.1,22.1,0.7,2.4,3.0,-1.6,-0.4,-2.1,https://www.sports-reference.com/cbb/players/jaylen-brown-1.html
kris-dunn-1,Kris Dunn,2020-21,24,CHI,PG,46,1389,12.4,.484,.190,.136,1.5,13.3,7.3,30.0,2.4,1.3,16.2,20.1,-0.5,1.2,0.6,-2.8,0.2,-2.7,https://www.sports-reference.com/cbb/players/kris-dunn-1.html
buddy-hield-1,Buddy Hield,2020-21,26,SAC,SG,82,2615,17.5,.587,.479,.142,4.1,12.4,8.1,11.9,1.0,1.1,9.2,25.1,4.3,1.6,5.9,3.5,-1.4,2.1,https://www.sports-reference.com/cbb/players/buddy-hield-1.html
jamal-murray-1,Jamal Murray,2020-21,21,DEN,PG,75,2447,16.0,.538,.353,.190,2.9,11.2,7.0,22.4,1.3,1.0,11.1,24.9,2.8,2.3,5.1,1.4,-0.8,0.6,https://www.sports-reference.com/cbb/players/jamal-murray-1.html
marquese-chriss-1,Marquese Chriss,2020-21,21,TOT,PF,43,499,9.2,.455,.400,.250,8.6,23.6,15.8,6.5,1.7,1.9,15.3,20.6,-0.6,0.4,-0.2,-5.7,-1.9,-7.5,https://www.sports-reference.com/cbb/players/marquese-chriss-1.html
jakob-poeltl-1,Jakob Poeltl,2020-21,23,SAS,C,77,1273,19.4,.640,.000,.317,15.4,19.7,17.6,10.0,1.1,4.5,12.7,13.1,3.5,1.6,5.1,1.3,0.7,2.0,https://www.sports-reference.com/cbb/players/jakob-poeltl-1.html
domantas-sabonis-1,Domantas Sabonis,2020-21,22,IND,C,74,1838,21.9,.630,.024,.416,11.5,29.8,20.8,18.2,1.3,1.5,16.2,23.5,4.3,3.3,7.6,1.9,1.3,3.1,https://www.sports-reference.com/cbb/players/domantas-sabonis-1.html
taurean-prince-1,Taurean Prince,2020-21,24,ATL,SF,55,1552,11.9,.575,.530,.195,1.5,12.3,6.7,11.1,1.6,1.1,13.4,19.5,0.8,0.7,1.5,-1.0,-1.0,-2.0,https://www.sports-reference.com/cbb/players/taurean-prince-1.html
denzel-valentine-1,Denzel Valentine,2020-21,26,CHI,SF,36,488,13.0,.511,.578,.034,1.9,15.5,8.4,14.2,2.6,1.2,9.8,23.3,-0.1,0.6,0.5,-0.8,0.2,-0.6,https://www.sports-reference.com/cbb/players/denzel-valentine-1.html
wade-baldwin-1,Wade Baldwin,2020-21,22,POR,PG,16,94,1.3,.396,.273,.333,2.3,14.4,8.5,16.6,0.5,1.7,27.0,23.3,-0.4,0.1,-0.3,-8.4,-1.9,-10.3,https://www.sports-reference.com/cbb/players/wade-baldwin-1.html
henry-ellenson-1,Henry Ellenson,2020-21,22,TOT,PF,19,259,13.1,.538,.400,.263,2.0,25.5,13.4,9.6,1.3,0.7,7.8,19.0,0.2,0.2,0.4,-1.0,-0.5,-1.5,https://www.sports-reference.com/cbb/players/henry-ellenson-1.html
malik-beasley-1,Malik Beasley,2020-21,22,DEN,SG,81,1879,14.2,.599,.550,.090,2.0,9.5,5.8,7.5,1.4,0.5,6.7,18.7,2.9,1.6,4.5,0.8,-0.7,0.1,https://www.sports-reference.com/cbb/players/malik-beasley-1.html
caris-levert-1,Caris LeVert,2020-21,24,BRK,SF,40,1063,14.9,.509,.319,.255,3.5,11.4,7.5,23.2,1.9,1.0,11.4,24.0,0.5,1.2,1.7,-0.3,0.5,0.2,https://www.sports-reference.com/cbb/players/caris-levert-1.html
deandre-bembry-1,DeAndre' Bembry,2020-21,24,ATL,SG,82,1931,10.8,.508,.281,.221,2.9,16.9,9.7,14.7,2.5,1.8,17.4,17.2,-0.9,1.7,0.9,-3.3,0.8,-2.4,https://www.sports-reference.com/cbb/players/deandre-bembry-1.html
malachi-richardson-1,Malachi Richardson,2020-21,23,TOR,SG,22,103,0.9,.481,.862,.172,2.2,11.2,6.8,0.0,0.5,0.0,20.4,16.4,-0.2,0.1,-0.1,-6.6,-2.1,-8.8,https://www.sports-reference.com/cbb/players/malachi-richardson-1.html
pascal-siakam-1,Pascal Siakam,2020-21,24,TOR,PF,80,2548,18.7,.628,.226,.320,5.4,17.5,11.6,14.6,1.4,1.7,12.5,20.8,5.7,3.6,9.3,1.6,0.8,2.4,https://www.sports-reference.com/cbb/players/pascal-siakam-1.html
skal-labissiere-1,Skal Labissi√®re,2020-21,22,TOT,PF,22,176,12.6,.593,.265,.347,5.4,20.3,12.8,8.6,1.4,2.8,16.3,16.0,0.1,0.2,0.3,-2.9,-0.1,-3.0,https://www.sports-reference.com/cbb/players/skal-labissiere-1.html
dejounte-murray-1,Dejounte Murray,2020-21,23,SAS,PG,66,1687,16.2,.524,.174,.179,4.4,20.1,12.2,23.1,3.1,0.9,15.4,20.8,0.7,2.0,2.6,-0.9,1.3,0.4,https://www.sports-reference.com/cbb/players/dejounte-murray-1.html
damian-jones-1,Damian Jones,2020-21,23,GSW,C,24,410,15.3,.720,.000,.500,8.4,11.0,9.8,8.7,1.4,5.1,15.1,11.1,1.0,0.5,1.5,-0.6,1.7,1.1,https://www.sports-reference.com/cbb/players/damian-jones-1.html
deyonta-davis-1,Deyonta Davis,2020-21,22,ATL,C,9,118,15.6,.682,.045,.455,8.7,23.7,16.0,5.8,1.2,3.7,10.2,10.1,0.3,0.1,0.4,-1.5,-0.6,-2.0,https://www.sports-reference.com/cbb/players/deyonta-davis-1.html
cheick-diallo-1,Cheick Diallo,2020-21,22,NOP,PF,64,896,17.5,.644,.015,.247,8.8,29.3,19.2,5.1,1.5,3.0,14.0,16.0,1.4,1.2,2.6,-1.1,0.1,-0.9,https://www.sports-reference.com/cbb/players/cheick-diallo-1.html
tyler-ulis-1,Tyler Ulis,2020-21,23,CHI,PG,1,1,0.0,,,,0.0,0.0,0.0,0.0,0.0,0.0,,0.0,0.0,0.0,0.0,-7.7,-2.7,-10.4,https://www.sports-reference.com/cbb/players/tyler-ulis-1.html
malcolm-brogdon-1,Malcolm Brogdon,2020-21,26,MIL,SG,64,1832,17.8,.614,.326,.203,3.8,11.7,8.0,16.2,1.2,0.6,10.0,20.7,4.2,2.3,6.5,2.0,0.1,2.2,https://www.sports-reference.com/cbb/players/malcolm-brogdon-1.html
patrick-mccaw-1,Patrick McCaw,2020-21,23,TOT,SG,29,397,7.5,.532,.444,.238,2.0,10.9,6.5,9.2,2.8,0.4,19.6,9.4,0.0,0.5,0.5,-4.8,1.9,-3.0,https://www.sports-reference.com/cbb/players/patrick-mccaw-1.html
demetrius-jackson-2,Demetrius Jackson,2020-21,24,PHI,PG,6,39,21.0,.656,.400,.267,5.6,2.6,4.1,19.6,2.4,0.0,5.6,19.1,0.2,0.0,0.2,3.6,0.9,4.5,https://www.sports-reference.com/cbb/players/demetrius-jackson-2.html
jake-layman-1,Jake Layman,2020-21,24,POR,SF,71,1327,13.5,.594,.427,.167,4.6,12.6,8.7,5.6,1.1,1.8,9.2,15.9,1.9,1.2,3.1,-0.1,-0.3,-0.5,https://www.sports-reference.com/cbb/players/jake-layman-1.html
georges-niang-1,Georges Niang,2020-21,25,UTA,PF,59,516,13.0,.613,.580,.133,2.4,15.7,9.1,10.1,0.9,0.9,10.7,17.8,0.7,0.7,1.3,-0.2,0.2,0.0,https://www.sports-reference.com/cbb/players/georges-niang-1.html
abdel-nader-1,Abdel Nader,2020-21,26,OKC,SF,55,867,11.3,.591,.487,.251,1.8,10.6,6.4,6.4,1.3,2.0,12.8,17.0,0.5,0.9,1.3,-1.1,0.2,-1.0,https://www.sports-reference.com/cbb/players/abdel-nader-1.html
tyrone-wallace-1,Tyrone Wallace,2020-21,25,ATL,SG,14,160,3.9,.389,.341,.386,2.0,13.0,7.4,10.9,2.0,0.5,16.3,16.0,-0.3,0.1,-0.2,-7.7,-1.0,-8.7,https://www.sports-reference.com/cbb/players/tyrone-wallace-1.html
markelle-fultz-1,Markelle Fultz,2020-21,21,ORL,PG,72,1996,14.3,.517,.175,.206,2.1,11.0,6.4,29.0,2.2,0.5,14.9,21.4,0.6,2.0,2.7,-1.8,0.0,-1.8,https://www.sports-reference.com/cbb/players/markelle-fultz-1.html
lonzo-ball-1,Lonzo Ball,2020-21,22,NOP,PG,63,2025,13.1,.517,.575,.111,3.7,16.4,10.0,29.1,2.0,1.6,21.1,18.5,0.4,2.0,2.4,0.1,0.6,0.6,https://www.sports-reference.com/cbb/players/lonzo-ball-1.html
jayson-tatum-1,Jayson Tatum,2020-21,21,BOS,PF,66,2265,20.4,.567,.383,.255,3.1,18.5,10.9,14.5,2.0,2.3,10.2,28.6,3.2,3.7,6.9,3.5,0.6,4.0,https://www.sports-reference.com/cbb/players/jayson-tatum-1.html
josh-jackson-2,Josh Jackson,2020-21,22,MEM,SF,22,381,14.1,.547,.453,.314,3.1,14.9,9.1,13.1,2.2,2.1,13.4,22.8,0.1,0.5,0.5,-1.1,1.1,0.0,https://www.sports-reference.com/cbb/players/josh-jackson-2.html
deaaron-fox-1,De'Aaron Fox,2020-21,22,SAC,PG,51,1634,20.6,.558,.227,.420,2.4,11.4,6.8,35.3,2.2,1.5,14.1,29.8,2.6,1.4,4.0,2.3,-0.5,1.8,https://www.sports-reference.com/cbb/players/deaaron-fox-1.html
jonathan-isaac-1,Jonathan Isaac,2020-21,22,ORL,PF,34,980,17.3,.552,.283,.232,6.2,19.6,12.7,7.4,2.6,7.2,11.8,18.3,0.6,1.9,2.5,-0.5,2.9,2.3,https://www.sports-reference.com/cbb/players/jonathan-isaac-1.html
lauri-markkanen-1,Lauri Markkanen,2020-21,22,CHI,PF,50,1492,14.3,.560,.536,.259,4.2,19.7,11.6,7.6,1.4,1.5,11.0,21.1,1.0,1.6,2.6,0.2,-0.8,-0.6,https://www.sports-reference.com/cbb/players/lauri-markkanen-1.html
dennis-smithjr-1,Dennis Smith Jr.,2020-21,22,NYK,PG,34,537,7.4,.399,.256,.251,4.1,11.7,7.7,26.4,2.5,1.4,19.8,23.1,-1.4,0.5,-0.9,-5.2,-0.9,-6.1,https://www.sports-reference.com/cbb/players/dennis-smithjr-1.html
zach-collins-1,Zach Collins,2020-21,22,POR,PF,11,290,9.9,.538,.279,.118,9.1,15.7,12.4,7.2,0.8,1.5,16.4,12.5,0.2,0.1,0.3,-1.7,-1.4,-3.1,https://www.sports-reference.com/cbb/players/zach-collins-1.html
malik-monk-1,Malik Monk,2020-21,21,CHO,SG,55,1169,12.6,.530,.418,.205,2.4,12.6,7.3,16.6,1.1,1.3,12.6,22.9,0.1,0.6,0.7,-1.1,-1.3,-2.3,https://www.sports-reference.com/cbb/players/malik-monk-1.html
luke-kennard-1,Luke Kennard,2020-21,23,DET,SG,28,922,14.4,.589,.535,.219,1.1,11.1,6.0,19.2,0.6,0.5,10.3,19.8,1.6,0.3,1.9,1.1,-1.4,-0.3,https://www.sports-reference.com/cbb/players/luke-kennard-1.html
donovan-mitchell-1,Donovan Mitchell,2020-21,23,UTA,SG,69,2364,18.8,.558,.352,.240,2.6,11.3,7.1,21.6,1.4,0.5,11.0,30.8,3.2,2.2,5.4,2.4,-0.6,1.9,https://www.sports-reference.com/cbb/players/donovan-mitchell-1.html
edrice-adebayo-1,Bam Adebayo,2020-21,22,MIA,PF,72,2417,20.3,.598,.018,.484,8.5,24.9,17.0,24.2,1.7,3.8,17.6,21.2,4.6,3.9,8.5,1.4,2.0,3.4,https://www.sports-reference.com/cbb/players/edrice-adebayo-1.html
justin-jackson-4,Justin Jackson,2020-21,24,DAL,PF,65,1045,9.5,.496,.478,.147,2.7,12.6,7.7,6.8,0.7,0.8,3.7,15.4,0.6,0.6,1.2,-2.1,-1.3,-3.4,https://www.sports-reference.com/cbb/players/justin-jackson-4.html
justin-patton-1,Justin Patton,2020-21,22,OKC,C,5,24,4.7,.450,.400,.000,4.7,17.9,11.5,12.6,0.0,0.0,16.7,22.0,-0.1,0.0,0.0,-6.8,-3.3,-10.1,https://www.sports-reference.com/cbb/players/justin-patton-1.html
dj-wilson-1,D.J. Wilson,2020-21,23,MIL,PF,37,363,8.2,.475,.553,.136,3.5,20.5,12.5,9.1,0.4,1.2,12.0,18.1,-0.3,0.6,0.3,-4.1,0.1,-4.0,https://www.sports-reference.com/cbb/players/dj-wilson-1.html
tj-leaf-1,T.J. Leaf,2020-21,22,IND,PF,28,222,12.9,.451,.209,.186,11.5,23.5,17.5,5.7,2.2,1.6,7.9,20.0,-0.1,0.4,0.3,-2.5,0.1,-2.4,https://www.sports-reference.com/cbb/players/tj-leaf-1.html
john-collins-1,John Collins,2020-21,22,ATL,PF,41,1363,23.5,.659,.243,.248,9.0,24.0,16.4,7.6,1.1,4.1,10.1,22.7,3.8,1.2,4.9,3.7,-0.6,3.1,https://www.sports-reference.com/cbb/players/john-collins-1.html
harry-giles-1,Harry Giles,2020-21,22,POR,C,38,348,12.4,.496,.237,.278,9.3,32.2,20.4,11.3,1.1,3.3,15.5,15.9,0.1,0.4,0.5,-3.4,-0.2,-3.6,https://www.sports-reference.com/cbb/players/harry-giles-1.html
jarrett-allen-1,Jarrett Allen,2020-21,21,BRK,C,70,1852,20.7,.664,.013,.581,12.3,24.9,18.7,8.9,1.0,4.2,11.7,14.9,5.2,2.9,8.2,1.4,1.0,2.3,https://www.sports-reference.com/cbb/players/jarrett-allen-1.html
og-anunoby-1,OG Anunoby,2020-21,22,TOR,SF,69,2066,13.2,.600,.403,.180,4.2,14.2,9.3,7.5,2.2,2.1,11.5,14.3,2.1,3.7,5.7,-0.8,1.9,1.2,https://www.sports-reference.com/cbb/players/og-anunoby-1.html
caleb-swanigan-1,Caleb Swanigan,2020-21,22,TOT,"C,PF",27,288,7.6,.597,.043,.362,9.9,26.4,18.3,13.9,0.5,2.2,40.4,13.5,-0.2,0.2,0.0,-6.2,0.2,-6.0,https://www.sports-reference.com/cbb/players/caleb-swanigan-1.html
kyle-kuzma-1,Kyle Kuzma,2020-21,24,LAL,PF,61,1526,12.2,.531,.407,.232,3.8,15.7,9.8,7.6,0.9,1.5,11.0,22.9,0.1,1.9,2.0,-1.6,-1.0,-2.6,https://www.sports-reference.com/cbb/players/kyle-kuzma-1.html
tony-bradley-1,Tony Bradley,2020-21,22,UTA,C,58,663,21.7,.681,.016,.243,19.1,25.0,22.2,5.4,1.0,4.1,12.5,15.8,2.2,1.1,3.3,1.0,0.3,1.3,https://www.sports-reference.com/cbb/players/tony-bradley-1.html
derrick-white-1,Derrick White,2020-21,25,SAS,SG,68,1677,16.4,.593,.391,.382,2.3,12.1,7.2,20.0,1.3,3.1,12.1,18.9,3.1,1.1,4.2,1.2,0.1,1.3,https://www.sports-reference.com/cbb/players/derrick-white-1.html
josh-hart-1,Josh Hart,2020-21,24,NOP,SF,65,1755,11.9,.563,.665,.216,3.7,22.1,12.8,8.2,1.7,1.1,11.4,15.3,1.3,1.8,3.1,-1.1,0.4,-0.7,https://www.sports-reference.com/cbb/players/josh-hart-1.html
frank-jackson-2,Frank Jackson,2020-21,22,DET,PG,40,738,13.3,.598,.512,.256,2.2,10.8,6.5,7.9,1.0,0.1,9.4,21.3,0.7,0.4,1.2,-0.4,-1.6,-2.1,https://www.sports-reference.com/cbb/players/frank-jackson-2.html
wesley-iwundu-1,Wesley Iwundu,2020-21,25,ORL,SF,52,953,10.3,.544,.352,.416,2.6,12.5,7.4,8.8,1.3,1.2,8.6,13.7,0.8,0.8,1.7,-2.7,0.0,-2.6,https://www.sports-reference.com/cbb/players/wesley-iwundu-1.html
frank-mason-1,Frank Mason III,2020-21,25,MIL,PG,9,118,16.9,.530,.412,.333,4.5,11.1,8.0,35.0,1.9,0.7,15.8,24.3,0.1,0.2,0.4,-0.6,0.6,0.0,https://www.sports-reference.com/cbb/players/frank-mason-1.html
semi-ojeleye-1,Semi Ojeleye,2020-21,25,BOS,PF,69,1011,7.7,.562,.648,.163,2.8,12.5,7.7,4.7,1.0,0.5,8.3,9.7,0.8,1.0,1.9,-2.1,0.4,-1.7,https://www.sports-reference.com/cbb/players/semi-ojeleye-1.html
jordan-bell-1,Jordan Bell,2020-21,25,TOT,C,29,256,13.9,.577,.179,.463,12.0,21.8,16.7,8.9,0.5,3.2,20.7,16.4,0.2,0.2,0.4,-1.4,-1.1,-2.5,https://www.sports-reference.com/cbb/players/jordan-bell-1.html
dwayne-bacon-1,Dwayne Bacon,2020-21,24,CHO,SG,39,687,6.1,.419,.275,.217,2.3,14.0,7.9,11.7,1.7,0.3,12.2,19.5,-1.2,0.4,-0.8,-5.9,-0.9,-6.8,https://www.sports-reference.com/cbb/players/dwayne-bacon-1.html
thomas-bryant-1,Thomas Bryant,2020-21,22,WAS,C,46,1147,21.1,.649,.218,.278,9.0,23.1,15.8,11.1,1.0,3.7,10.2,18.9,3.1,0.8,3.9,2.9,-0.7,2.2,https://www.sports-reference.com/cbb/players/thomas-bryant-1.html
damyean-dotson-1,Damyean Dotson,2020-21,25,NYK,SG,48,836,10.9,.527,.562,.114,1.2,10.6,5.8,10.0,1.3,0.5,6.5,16.5,0.6,0.4,0.9,-0.9,-0.5,-1.5,https://www.sports-reference.com/cbb/players/damyean-dotson-1.html
dillon-brooks-1,Dillon Brooks,2020-21,24,MEM,SG,73,2112,11.3,.510,.385,.190,3.5,8.6,6.1,10.5,1.4,1.1,9.7,25.2,-0.4,1.6,1.2,-2.6,-1.4,-4.1,https://www.sports-reference.com/cbb/players/dillon-brooks-1.html
sterling-brown-2,Sterling Brown,2020-21,24,MIL,SF,52,767,9.5,.486,.531,.156,4.3,18.5,11.8,8.6,1.7,0.8,13.3,17.0,-0.4,1.5,1.1,-3.0,1.0,-2.0,https://www.sports-reference.com/cbb/players/sterling-brown-2.html
sindarius-thornwell-1,Sindarius Thornwell,2020-21,25,NOP,SF,2,35,14.7,.627,.364,.364,0.0,12.2,6.1,16.1,1.3,2.4,13.6,17.3,0.0,0.0,0.1,-0.1,-1.2,-1.3,https://www.sports-reference.com/cbb/players/sindarius-thornwell-1.html
monte-morris-1,Monte Morris,2020-21,24,DEN,PG,73,1636,14.9,.545,.304,.157,1.6,7.7,4.7,22.1,1.7,1.0,8.1,17.5,2.7,1.1,3.8,0.4,-0.5,-0.2,https://www.sports-reference.com/cbb/players/monte-morris-1.html
edmond-sumner-1,Edmond Sumner,2020-21,24,IND,SG,31,447,10.1,.491,.373,.204,2.7,8.5,5.6,16.7,1.6,1.8,12.4,17.3,-0.1,0.5,0.4,-3.2,0.2,-3.0,https://www.sports-reference.com/cbb/players/edmond-sumner-1.html
kadeem-allen-1,Kadeem Allen,2020-21,27,NYK,PG,10,117,14.0,.512,.364,.250,1.8,6.6,4.1,27.0,2.1,1.6,14.1,20.6,0.1,0.1,0.1,-0.1,-0.6,-0.7,https://www.sports-reference.com/cbb/players/kadeem-allen-1.html
deandre-ayton-1,Deandre Ayton,2020-21,22,PHO,C,69,2115,20.3,.653,.029,.252,12.4,26.3,19.5,6.8,1.0,3.4,11.9,18.2,5.3,3.1,8.4,0.9,0.0,0.9,https://www.sports-reference.com/cbb/players/deandre-ayton-1.html
marvin-bagleyiii-1,Marvin Bagley III,2020-21,21,SAC,PF,43,1112,16.3,.554,.220,.273,10.4,21.5,15.9,5.8,0.9,1.6,9.7,23.5,0.9,0.5,1.4,-0.6,-2.8,-3.4,https://www.sports-reference.com/cbb/players/marvin-bagleyiii-1.html
jaren-jacksonjr-1,Jaren Jackson Jr.,2020-21,21,MEM,C,11,258,18.0,.551,.480,.336,6.9,18.7,12.7,6.8,2.2,6.3,9.5,25.9,0.2,0.5,0.7,-0.7,0.6,-0.1,https://www.sports-reference.com/cbb/players/jaren-jacksonjr-1.html
trae-young-1,Trae Young,2020-21,22,ATL,PG,63,2125,23.0,.589,.357,.491,2.0,10.5,6.3,45.5,1.2,0.5,16.2,33.0,5.9,1.3,7.2,5.4,-1.7,3.6,https://www.sports-reference.com/cbb/players/trae-young-1.html
mohamed-bamba-1,Mo Bamba,2020-21,22,ORL,C,46,725,19.3,.556,.392,.219,10.5,28.0,19.0,8.1,0.9,7.3,9.8,21.8,0.7,1.1,1.8,0.1,-0.1,0.0,https://www.sports-reference.com/cbb/players/mohamed-bamba-1.html
wendell-carterjr-1,Wendell Carter Jr.,2020-21,21,TOT,C,54,1375,16.7,.566,.112,.392,10.2,24.6,17.4,11.2,1.2,2.7,12.7,19.3,1.7,1.7,3.4,-1.0,-0.5,-1.5,https://www.sports-reference.com/cbb/players/wendell-carterjr-1.html
collin-sexton-1,Collin Sexton,2020-21,22,CLE,SG,60,2115,18.0,.573,.239,.347,3.0,7.0,4.9,22.6,1.4,0.4,11.6,29.7,2.6,0.9,3.5,1.9,-1.9,0.0,https://www.sports-reference.com/cbb/players/collin-sexton-1.html
kevin-knox-1,Kevin Knox,2020-21,21,NYK,SF,42,464,9.1,.537,.622,.140,2.4,11.8,7.1,5.9,1.3,1.2,10.1,16.2,0.0,0.6,0.6,-1.5,-0.2,-1.7,https://www.sports-reference.com/cbb/players/kevin-knox-1.html
mikal-bridges-1,Mikal Bridges,2020-21,24,PHO,SF,72,2348,16.4,.667,.471,.196,3.7,11.1,7.5,8.8,1.6,2.4,7.3,14.9,5.4,2.6,8.0,2.2,0.8,3.0,https://www.sports-reference.com/cbb/players/mikal-bridges-1.html
shai-gilgeous-alexander-1,Shai Gilgeous-Alexander,2020-21,22,OKC,SG,35,1180,21.6,.623,.301,.405,1.7,13.1,7.3,31.2,1.1,1.7,13.7,27.8,2.7,0.8,3.5,3.8,0.0,3.8,https://www.sports-reference.com/cbb/players/shai-gilgeous-alexander-1.html
miles-bridges-1,Miles Bridges,2020-21,22,CHO,PF,66,1932,14.7,.625,.466,.182,4.5,18.0,11.1,11.4,1.1,2.7,13.6,17.3,2.4,1.9,4.2,0.2,0.0,0.2,https://www.sports-reference.com/cbb/players/miles-bridges-1.html
jerome-robinson-2,Jerome Robinson,2020-21,23,WAS,SG,17,305,4.1,.400,.442,.211,1.4,11.8,6.6,10.2,1.8,1.6,15.5,16.7,-0.7,0.3,-0.4,-6.5,-1.1,-7.6,https://www.sports-reference.com/cbb/players/jerome-robinson-2.html
troy-brown-5,Troy Brown Jr.,2020-21,21,TOT,SF,34,524,8.5,.525,.486,.146,4.2,17.4,10.8,7.2,0.9,1.0,12.1,14.0,0.0,0.5,0.5,-3.3,-1.0,-4.3,https://www.sports-reference.com/cbb/players/troy-brown-5.html
donte-divincenzo-1,Donte DiVincenzo,2020-21,24,MIL,SG,66,1814,13.0,.542,.574,.118,4.9,16.7,11.0,14.2,1.9,0.7,12.5,16.7,1.5,2.1,3.6,-0.3,0.2,-0.1,https://www.sports-reference.com/cbb/players/donte-divincenzo-1.html
lonnie-walker-2,Lonnie Walker,2020-21,22,SAS,SG,60,1522,9.8,.523,.463,.115,1.0,10.1,5.4,9.6,0.9,0.8,9.2,20.1,-0.5,0.9,0.4,-2.2,-1.7,-3.8,https://www.sports-reference.com/cbb/players/lonnie-walker-2.html
kevin-huerter-1,Kevin Huerter,2020-21,22,ATL,SG,69,2126,12.2,.541,.528,.088,2.0,9.7,6.0,16.3,1.9,0.7,9.4,17.2,1.9,1.7,3.6,-0.7,0.1,-0.6,https://www.sports-reference.com/cbb/players/kevin-huerter-1.html
josh-okogie-1,Josh Okogie,2020-21,22,MIN,SG,59,1197,9.1,.524,.425,.425,5.5,8.7,7.1,7.0,2.1,2.0,12.5,12.1,0.5,0.8,1.3,-3.9,0.1,-3.7,https://www.sports-reference.com/cbb/players/josh-okogie-1.html
grayson-allen-1,Grayson Allen,2020-21,25,MEM,SG,50,1259,12.8,.586,.662,.220,1.6,12.0,6.7,11.5,1.7,0.6,9.6,16.8,1.5,1.2,2.7,-0.4,-0.1,-0.5,https://www.sports-reference.com/cbb/players/grayson-allen-1.html
chandler-hutchison-1,Chandler Hutchison,2020-21,24,TOT,SF,25,346,6.8,.469,.214,.243,1.9,22.2,12.1,6.3,1.6,1.2,14.9,16.2,-0.5,0.4,-0.1,-5.9,-0.2,-6.1,https://www.sports-reference.com/cbb/players/chandler-hutchison-1.html
aaron-holiday-1,Aaron Holiday,2020-21,24,IND,PG,66,1176,9.2,.503,.417,.190,1.4,6.8,4.1,14.0,1.8,0.9,12.3,19.5,-0.6,0.8,0.2,-3.2,-1.0,-4.1,https://www.sports-reference.com/cbb/players/aaron-holiday-1.html
moritz-wagner-1,Moritz Wagner,2020-21,23,TOT,C,45,722,12.5,.580,.397,.380,3.9,17.7,10.7,9.7,1.7,2.2,13.9,18.1,0.5,0.8,1.2,-2.7,0.0,-2.7,https://www.sports-reference.com/cbb/players/moritz-wagner-1.html
landry-shamet-1,Landry Shamet,2020-21,23,BRK,SG,61,1403,10.3,.578,.730,.171,0.9,7.6,4.4,9.3,1.1,0.6,8.9,16.7,1.2,0.6,1.8,-1.1,-1.5,-2.5,https://www.sports-reference.com/cbb/players/landry-shamet-1.html
robert-williams-3,Robert Williams,2020-21,23,BOS,C,52,985,25.7,.719,.008,.283,14.9,25.6,20.2,14.2,2.1,8.6,15.2,15.0,3.4,1.9,5.3,3.0,3.1,6.1,https://www.sports-reference.com/cbb/players/robert-williams-3.html
jevon-carter-1,Jevon Carter,2020-21,25,PHO,PG,60,717,12.2,.548,.677,.031,2.6,11.8,7.3,13.0,2.0,1.1,6.6,15.0,0.7,0.8,1.6,-0.6,1.1,0.5,https://www.sports-reference.com/cbb/players/jevon-carter-1.html
jalen-brunson-1,Jalen Brunson,2020-21,24,DAL,PG,68,1697,17.1,.618,.319,.241,1.8,13.1,7.5,21.3,1.0,0.1,10.3,20.2,3.9,1.1,5.1,1.4,-0.9,0.5,https://www.sports-reference.com/cbb/players/jalen-brunson-1.html
devonte-graham-1,Devonte' Graham,2020-21,25,CHO,PG,55,1659,14.6,.552,.713,.236,1.4,8.4,4.8,26.3,1.4,0.4,10.2,21.4,2.5,0.9,3.4,1.6,-1.1,0.5,https://www.sports-reference.com/cbb/players/devonte-graham-1.html
gary-trentjr-1,Gary Trent Jr.,2020-21,22,TOT,SG,58,1802,12.1,.534,.546,.135,1.6,7.7,4.6,6.6,1.5,0.5,4.9,20.9,1.0,0.7,1.7,-0.6,-2.1,-2.7,https://www.sports-reference.com/cbb/players/gary-trentjr-1.html
khyri-thomas-1,Khyri Thomas,2020-21,24,HOU,SG,5,153,21.3,.586,.409,.136,4.7,8.0,6.3,26.9,2.8,3.5,7.9,21.1,0.4,0.1,0.5,2.0,0.3,2.3,https://www.sports-reference.com/cbb/players/khyri-thomas-1.html
jarred-vanderbilt-1,Jarred Vanderbilt,2020-21,21,MIN,PF,64,1139,16.2,.612,.021,.432,10.8,24.7,17.5,9.3,2.7,3.5,15.9,12.3,1.6,1.5,3.1,-1.6,1.0,-0.6,https://www.sports-reference.com/cbb/players/jarred-vanderbilt-1.html
bruce-brown-2,Bruce Brown,2020-21,24,BRK,PG,65,1451,16.1,.604,.139,.277,8.9,17.2,13.3,9.8,1.9,1.7,10.2,15.9,2.8,1.5,4.4,-0.4,0.1,-0.3,https://www.sports-reference.com/cbb/players/bruce-brown-2.html
hamidou-diallo-1,Hamidou Diallo,2020-21,22,TOT,"SF,SG",52,1226,14.3,.541,.174,.426,5.1,18.8,11.9,13.3,1.6,1.7,12.0,22.2,0.3,1.3,1.6,-2.2,-0.1,-2.3,https://www.sports-reference.com/cbb/players/hamidou-diallo-1.html
deanthony-melton-1,De'Anthony Melton,2020-21,22,MEM,PG,52,1045,15.2,.568,.537,.130,3.0,13.4,8.2,17.5,2.7,2.7,13.7,19.5,0.7,1.5,2.2,0.6,1.4,2.0,https://www.sports-reference.com/cbb/players/deanthony-melton-1.html
sviatoslav-mykhailiuk-1,Sviatoslav Mykhailiuk,2020-21,23,TOT,"SF,SG",66,1324,10.4,.529,.621,.099,1.9,11.4,6.6,12.9,1.9,0.8,14.3,20.0,-0.8,1.1,0.3,-1.9,-0.9,-2.8,https://www.sports-reference.com/cbb/players/sviatoslav-mykhailiuk-1.html
keita-bates-diop-1,Keita Bates-Diop,2020-21,25,SAS,SF,30,245,12.0,.518,.254,.313,3.8,17.7,10.6,6.6,2.2,1.7,8.4,14.8,0.1,0.3,0.3,-2.7,0.8,-2.0,https://www.sports-reference.com/cbb/players/keita-bates-diop-1.html
chimezie-metu-1,Chimezie Metu,2020-21,23,SAC,C,36,488,14.5,.571,.207,.240,7.0,18.7,12.7,8.2,1.4,3.1,12.8,20.0,0.3,0.3,0.6,-2.3,-1.7,-3.9,https://www.sports-reference.com/cbb/players/chimezie-metu-1.html
alize-johnson-1,Alize Johnson,2020-21,24,BRK,PF,18,189,23.5,.638,.088,.191,16.6,35.0,26.3,10.9,1.3,2.3,10.9,19.1,0.6,0.3,0.9,2.4,0.2,2.6,https://www.sports-reference.com/cbb/players/alize-johnson-1.html
malik-milton-1,Shake Milton,2020-21,24,PHI,SG,63,1461,14.6,.549,.304,.264,2.5,8.5,5.6,20.3,1.3,1.1,12.2,24.9,1.1,1.6,2.8,-0.9,-1.2,-2.1,https://www.sports-reference.com/cbb/players/malik-milton-1.html
kostas-antetokounmpo-1,Kostas Antetokounmpo,2020-21,23,LAL,PF,15,56,0.0,.382,.000,1.300,8.1,29.9,19.1,2.3,1.7,6.4,41.2,20.7,-0.3,0.1,-0.2,-13.2,0.2,-13.0,https://www.sports-reference.com/cbb/players/kostas-antetokounmpo-1.html
